채소,가지
채소,감자
채소,건야채
채소,고구마
채소,고추
채소,기타채소
채소,당근
채소,대파
채소,더덕
채소,도라지
채소,마늘
채소,무
채소,배추
채소,버섯
채소,부추
채소,브로콜리
채소,상추
채소,새싹채소
채소,생강
채소,시금치
채소,아스파라거스
채소,알로에
채소,애호박
채소,야채튀김
채소,양배추
채소,양파
채소,연근
채소,열무
채소,오이
채소,우엉
채소,죽순
채소,쪽파
채소,콩나물
채소,토란
채소,토마토
채소,피망/파프리카
과일,건조과일
과일,귤
과일,기타과일
과일,냉동과일
과일,단감
과일,딸기
과일,레몬
과일,리치
과일,망고
과일,매실
과일,메론
과일,모과
과일,바나나
과일,배추
과일,복분자
과일,복숭아
과일,블루베리
과일,사과
과일,석류
과일,수박
과일,오렌지
과일,자두
과일,자몽
과일,참외
과일,천혜향
과일,체리
과일,키위
과일,파인애플
과일,포도
과일,한라봉
과일,홍시
건과류,건과류가공품
건과류,기타건과류
건과류,대추
건과류,땅콩
건과류,마카다미아
건과류,밤
건과류,아몬드
건과류,은행
건과류,잣
건과류,캐슈너트
건과류,피스타치오
건과류,피칸
건과류,해바라기씨
건과류,호두
건과류,호박씨
수산물,갈치
수산물,고등어
수산물,굴비
수산물,장어
수산물,조기
수산물,참치
수산물,동태
수산물,홍어
수산물,연어/훈제연어
수산물,기타생선
수산물,전복
수산물,새우
수산물,소라
수산물,낙지
수산물,문어
수산물,쭈꾸미
수산물,조개
수산물,오징어
수산물,게
수산물,킹크랩
수산물,바다가재
수산물,굴비
수산물,꼬막
수산물,홍합
수산물,멍게
수산물,해삼
수산물,날치알
수산물,어란
수산물,기타해산물
수산물,기타수산물
수산물,냉동해물
수산물,냉동동태포
수산물,냉동대구포
수산물,냉동새우/문어/게
수산물,냉동포장생선류
수산물,냉동포장해물모듬류
수산물,해물완자
수산물,멸치
수산물,건새우
수산물,황태
수산물,미역
수산물,다시마
수산물,기타해조류
수산물,기타수산가공식품
수산물,기타수산물통조림
수산물,참치통조림
정육/계란,오리고기
정육/계란,계란
정육/계란,메추리알
정육/계란,오리알
정육/계란,기타새알
정육/계란,돼지고기
정육/계란,양고기
정육/계란,기타육류
정육/계란,기타축산물
정육/계란,소시지
정육/계란,햄
정육/계란,베이컨
정육/계란,기타육가공
정육/계란,냉동포장육
정육/계란,사골
정육/계란,육류완자
정육/계란,햄통조림
간편식,국/탕/찌개
간편식,라면
간편식,짜장라면
간편식,비빔면
간편식,즉석밥
간편식,떡볶이
간편식,냉동피자
간편식,냉동만두
간편식,냉동볶음밥
간편식,핫도그
간편식,핫바
간편식,안주
간편식,마른안주
간편식,즉석카레
간편식,즉석짜장
간편식,즉석스프
간편식,냉동돈까스
간편식,냉동생선까스
간편식,냉동스테이크
간편식,냉동떡갈비
간편식,냉동치킨
간편식,냉동탕수육
반찬,기타김치류
반찬,단무지/쌈무
반찬,피클/할라피뇨
반찬,새우젓
반찬,명란젓
반찬,창난젓
반찬,조개젓
반찬,오징어젓
반찬,어리굴젓
반찬,갈치속젓
반찬,낙지젓
반찬,기타젓갈
반찬,김
반찬,라이스페이퍼/또띠아피
반찬,두부
반찬,기타 반찬
곡류/면,밀가루
곡류/면,빵가루
곡류/면,부침가루
곡류/면,튀김가루
곡류/면,분말카레
곡류/면,분말스프
곡류/면,분말짜장
곡류/면,전분
곡류/면,미숫가루
곡류/면,찹살가루
곡류/면,기타분말류
곡류/면,중면/소면/세면
곡류/면,당면
곡류/면,칼국수면
곡류/면,메밀면
곡류/면,우동면/숙면
곡류/면,쌀국수
곡류/면,파스타면
곡류/면,기타면류
디저트/유제품,과일통조림
디저트/유제품,딸기잼
디저트/유제품,땅콩버터잼
디저트/유제품,누텔라
디저트/유제품,콜라
디저트/유제품,사이다
디저트/유제품,기타탄산음료
디저트/유제품,에너지음료
디저트/유제품,이온음료
디저트/유제품,오렌지주스
디저트/유제품,포도주스
디저트/유제품,기타과일주스
디저트/유제품,야채주스
디저트/유제품,커피
디저트/유제품,차음료/아이스티
디저트/유제품,기타음료
디저트/유제품,과자
디저트/유제품,초콜릿/젤리/사탕
디저트/유제품,시리얼
디저트/유제품,빵류
디저트/유제품,도넛
디저트/유제품,스콘
디저트/유제품,머핀
디저트/유제품,케이크
디저트/유제품,디저트
디저트/유제품,떡국떡
디저트/유제품,떡볶이떡
디저트/유제품,기타떡
디저트/유제품,아이스크림
디저트/유제품,우유
디저트/유제품,초코우유
디저트/유제품,딸기우유
디저트/유제품,바나나우유
디저트/유제품,요거트/요구르트
디저트/유제품,버터
디저트/유제품,체다치즈
디저트/유제품,모짜렐라치즈
디저트/유제품,크림치즈
디저트/유제품,과일치즈
디저트/유제품,기타치즈
디저트/유제품,휘핑크림
양념/장류/오일,천연/발효조미료
양념/장류/오일,식초
양념/장류/오일,소금
양념/장류/오일,설탕
양념/장류/오일,요리주
양념/장류/오일,물엿
양념/장류/오일,기타조미료
양념/장류/오일,케첩
양념/장류/오일,마요네즈
양념/장류/오일,드레싱/소스
양념/장류/오일,간장
양념/장류/오일,된장
양념/장류/오일,고추장
양념/장류/오일,초고추장
양념/장류/오일,춘장(짜장)
양념/장류/오일,청국장
양념/장류/오일,쌈장
양념/장류/오일,기타장류
양념/장류/오일,고추가루
양념/장류/오일,후추
양념/장류/오일,와사비
양념/장류/오일,마늘분말
양념/장류/오일,생강분말
양념/장류/오일,허브가루
양념/장류/오일,깨
양념/장류/오일,기타향신료
양념/장류/오일,참기름
양념/장류/오일,고추기름
양념/장류/오일,혼합식용유
양념/장류/오일,마가린
양념/장류/오일,들기름
양념/장류/오일,올리브유
양념/장류/오일,코코넛오일
양념/장류/오일,기타식용유지
양념/장류/오일,까나리액젓
양념/장류/오일,멸치액젓
양념/장류/오일,토하젓
양념/장류/오일,기타젓갈/액젓류